{"val_loss": [4.3553211158752445, 3.1430510314941404, 2.7855713901519774, 2.446239994239807, 2.422029689025879, 2.2674064147949218, 2.300333871459961, 2.3142418659210207, 2.3750770515441895, 1.934218761253357, 1.8682365983963012, 1.737337170791626, 1.748625976371765, 1.5343135856628418, 1.5556097805023192, 1.5500476835250854, 1.5148249361038209, 1.4898579113960266, 1.430159136390686, 1.421669352054596, 2.9698091011047363, 1.9999178043365478, 2.6432737720489503, 2.6549064722061155, 2.1383654739379883, 1.9776430499076842, 2.112192708969116, 1.9446388847351075, 1.9579869249343873, 1.7788012118339538, 1.9651254482269287, 1.7596966537475587, 1.6303542310714723, 1.4801886764526366, 1.431025305557251, 1.4632538110733033, 1.444230392932892, 1.4254726667404174, 1.4151270414352417, 1.398785488128662, 2.420419086265564, 2.823197653007507, 2.3183153720855714, 2.035811438560486, 2.7611702741622923, 2.0738281547546387, 2.011234980392456, 2.194448225402832, 1.73607938079834, 1.8043894805908203, 1.842863896369934, 1.6002117923736572, 1.689813608932495, 1.5548556201934813, 1.590323935508728, 1.5620756582260131, 1.5634759687423707, 1.5510512735366822, 1.546494190788269, 1.5463013019561767, 3.1744248809814453, 2.0148763004302976, 2.755209825706482, 2.527760292816162, 2.198032134437561, 2.2128133222579955, 1.9684638744354248, 1.98197460231781, 1.9137649909973145, 1.8713887084007264, 1.722140923500061, 1.8107163171768188, 1.7591174750328065, 1.7318215270996093, 1.739357225418091, 1.6805536100387573, 1.709371961593628, 1.6967976360321044, 1.6927613098144532, 1.688429786682129, 2.8953312324523925, 2.9410257844924925, 2.364782382583618, 2.3795963554382324, 2.300503956222534, 2.0759971187591555, 2.0153425979614257, 1.9077949159622192, 1.9247965191841125, 2.013381640434265, 1.7771838636398316, 1.8688342575073242, 1.8685807891845703, 1.8553207523345947, 1.8087111824035644, 1.8126872579574584, 1.8096633239746094, 1.7958707292556764, 1.7882941112518311, 1.7877364524841308], "val_acc": [0.10109999775886536, 0.24469999969005585, 0.3098999857902527, 0.38109999895095825, 0.3772999942302704, 0.42100000381469727, 0.4242999851703644, 0.42419999837875366, 0.43320000171661377, 0.49549999833106995, 0.5101000070571899, 0.5389000177383423, 0.5472000241279602, 0.5803999900817871, 0.5799999833106995, 0.5881999731063843, 0.593999981880188, 0.6010000109672546, 0.6097000241279602, 0.613099992275238, 0.4000999927520752, 0.5159000158309937, 0.4350999891757965, 0.44110000133514404, 0.5091999769210815, 0.5098000168800354, 0.5049999952316284, 0.5490000247955322, 0.534500002861023, 0.5785999894142151, 0.5543000102043152, 0.5914000272750854, 0.6173999905586243, 0.6351000070571899, 0.6481999754905701, 0.6460999846458435, 0.6499000191688538, 0.6534000039100647, 0.652999997138977, 0.6546000242233276, 0.47679999470710754, 0.4578999876976013, 0.4878999888896942, 0.5519000291824341, 0.5156000256538391, 0.5662999749183655, 0.5777000188827515, 0.5511000156402588, 0.617900013923645, 0.6129000186920166, 0.6101999878883362, 0.649399995803833, 0.6414999961853027, 0.6583999991416931, 0.6535999774932861, 0.6626999974250793, 0.6597999930381775, 0.6665999889373779, 0.664900004863739, 0.666100025177002, 0.4810999929904938, 0.5861999988555908, 0.5232999920845032, 0.5428000092506409, 0.5730000138282776, 0.5805000066757202, 0.6086999773979187, 0.6118999719619751, 0.6212000250816345, 0.6395000219345093, 0.6449000239372253, 0.6453999876976013, 0.6557999849319458, 0.6586999893188477, 0.6603999733924866, 0.6629999876022339, 0.6642000079154968, 0.6676999926567078, 0.6669999957084656, 0.6671000123023987, 0.5442000031471252, 0.5138000249862671, 0.5748000144958496, 0.573199987411499, 0.5954999923706055, 0.6187999844551086, 0.6223000288009644, 0.6381000280380249, 0.6414999961853027, 0.6366000175476074, 0.6611999869346619, 0.6521999835968018, 0.6543999910354614, 0.6586999893188477, 0.6680999994277954, 0.6678000092506409, 0.666700005531311, 0.6686000227928162, 0.6689000129699707, 0.6689000129699707], "loss": [3.626143231313887, 2.922795550579209, 2.512478293996229, 2.218057796975761, 1.988995785203774, 1.7994003302017618, 1.650755192172577, 1.5192746587544632, 1.4087369363201632, 1.308310873966627, 1.213671013870643, 1.1342573431313019, 1.0550325779644083, 0.9837576877929325, 0.9205050870016059, 0.8672904769579569, 0.8190907085638591, 0.7925039570722436, 0.7683942511864186, 0.7580323566754047, 1.3020303656667098, 1.1643565383368975, 1.0808288753510746, 0.9990002130674253, 0.9219159038930433, 0.8482053139709226, 0.7845515312580944, 0.702084419711645, 0.6418774148803664, 0.5744062338381728, 0.5124515237661367, 0.4571226447065327, 0.4023647127260105, 0.3570503161280133, 0.3224083305571681, 0.29546963365406115, 0.2718936319597111, 0.257424053451286, 0.24804559051703673, 0.24569775675174552, 0.7202490096672988, 0.6597049661033338, 0.5898885514860854, 0.5375172226092755, 0.46921159900299003, 0.421188795207057, 0.36439003562315914, 0.3135910910352653, 0.2672327982574309, 0.22232614114837537, 0.19634355324504849, 0.16555887885704842, 0.14078156125633465, 0.12248498911290816, 0.1070820003159925, 0.09715910775083206, 0.08828161776849847, 0.08721129127733593, 0.08389763993963738, 0.08127396223175629, 0.36125923788314224, 0.38765939006944633, 0.3317476808260649, 0.29676181904842397, 0.25951320411954737, 0.21204674725812483, 0.17760328665963723, 0.14507200657116667, 0.12462615867455801, 0.1028995494363321, 0.08471595750751983, 0.06998073763339842, 0.06192074225600576, 0.05325766687687391, 0.04834803109190806, 0.04385757443776824, 0.04157191154510882, 0.039372045032854526, 0.03849103340008414, 0.03831953003424117, 0.1720550512709142, 0.23589072447174636, 0.21206614828274353, 0.17842388847220736, 0.1478608566520686, 0.12511359656664053, 0.10432601086185803, 0.08159507243372058, 0.06798005987521659, 0.05914095008759534, 0.04656147688894957, 0.03954186165967659, 0.03577098844021339, 0.031360309774203676, 0.028917484546605594, 0.025523966458860042, 0.023876376138424638, 0.023126334261494567, 0.021802184369473607, 0.021680230780345987], "acc": [