{"val_loss": [3.486389172744751, 3.5809826805114744, 3.010447735595703, 2.7731154832839966, 2.1646130270004273, 2.613158683013916, 2.3372834421157838, 2.1785010663986206, 2.013161946487427, 1.7372774654388428, 2.1553944900512696, 1.8951440940856934, 1.6712188457489014, 1.475240781211853, 1.5762334115982055, 1.452291877746582, 1.4439862552642821, 1.3588626615524293, 1.3592237279891968, 1.352810914993286, 2.924854135131836, 2.4529841442108156, 2.031831390571594, 2.621598222351074, 1.9246682842254639, 2.176527179336548, 1.7890236442565919, 1.7434167747497558, 1.6897494087219238, 1.6996444664001464, 1.7417930603027343, 1.6172619297027588, 1.4552336088180542, 1.5618035415649414, 1.4831621353149413, 1.4563398149490356, 1.4439061618804931, 1.4328551830291747, 1.4079386566162109, 1.4085587253570557, 4.138292864227295, 2.4317758560180662, 2.0899779121398927, 2.2861426624298096, 2.205587420272827, 2.0394184516906737, 2.035789144515991, 2.200240510559082, 1.8414490463256836, 1.661074271774292, 1.7221970724105835, 1.6017440490722656, 1.6420017024993896, 1.6809566856384277, 1.5286678104400635, 1.5359015209197997, 1.5474473140716554, 1.5530802963256836, 1.546643004989624, 1.5515921634674072, 3.079841090774536, 2.9474709276199342, 2.6689302211761476, 2.3191832349777224, 2.0315169231414796, 2.098473053359985, 1.9245062772750854, 1.8978322395324707, 1.8972869373321533, 2.0093332618713378, 1.7646062129974365, 1.6823705451965332, 1.7067190048217773, 1.7253948741912841, 1.678058292388916, 1.724798561477661, 1.6555508319854737, 1.6765164546966553, 1.670065476989746, 1.66868427734375, 3.098016362762451, 2.6155994621276855, 2.7342603637695313, 2.3716148876190184, 2.38520432472229, 2.139496606063843, 2.069952892303467, 1.870561729812622, 1.881697611618042, 1.9534421257019043, 1.883496720123291, 1.820784266281128, 1.8299745208740235, 1.7810511653900147, 1.7632020729064941, 1.7662863719940185, 1.755934103012085, 1.7438320770263671, 1.7415013927459717, 1.7482852138519287], "val_acc": [0.1776999980211258, 0.21739999949932098, 0.289000004529953, 0.3361000120639801, 0.44929999113082886, 0.3801000118255615, 0.4293000102043152, 0.4498000144958496, 0.5054000020027161, 0.5404999852180481, 0.4846999943256378, 0.5307000279426575, 0.5791000127792358, 0.6086999773979187, 0.592199981212616, 0.6144999861717224, 0.619700014591217, 0.6360999941825867, 0.6341999769210815, 0.635699987411499, 0.40799999237060547, 0.45559999346733093, 0.5264000296592712, 0.4713999927043915, 0.5430999994277954, 0.5181999802589417, 0.5823000073432922, 0.5917999744415283, 0.5974000096321106, 0.6078000068664551, 0.6061000227928162, 0.6304000020027161, 0.6585000157356262, 0.6391000151634216, 0.6556000113487244, 0.6599000096321106, 0.6668000221252441, 0.6668999791145325, 0.6718000173568726, 0.6736999750137329, 0.397599995136261, 0.5231999754905701, 0.5616000294685364, 0.5644000172615051, 0.5691999793052673, 0.588699996471405, 0.59579998254776, 0.5695000290870667, 0.6211000084877014, 0.6448000073432922, 0.6503000259399414, 0.6729999780654907, 0.6705999970436096, 0.6632999777793884, 0.6837000250816345, 0.6820999979972839, 0.6833000183105469, 0.6847000122070312, 0.6854000091552734, 0.6858000159263611, 0.5120999813079834, 0.5254999995231628, 0.5432000160217285, 0.5752000212669373, 0.6141999959945679, 0.6176000237464905, 0.640999972820282, 0.6421999931335449, 0.6396999955177307, 0.6424000263214111, 0.6741999983787537, 0.6798999905586243, 0.6773999929428101, 0.6782000064849854, 0.6855000257492065, 0.6827999949455261, 0.6883000135421753, 0.6865000128746033, 0.6887000203132629, 0.6888999938964844, 0.5468999743461609, 0.5741000175476074, 0.550599992275238, 0.5878999829292297, 0.6067000031471252, 0.6244999766349792, 0.6371999979019165, 0.6532999873161316, 0.6622999906539917, 0.6567000150680542, 0.673799991607666, 0.6741999983787537, 0.6836000084877014, 0.6840000152587891, 0.6855999827384949, 0.6847000122070312, 0.6866999864578247, 0.6879000067710876, 0.6886000037193298, 0.6876999735832214], "loss": [3.6049323242598708, 2.842275486797104, 2.3654534810628647, 2.047406963989684, 1.809318173237336, 1.634789382599835, 1.4850641366645316, 1.3459053937923002, 1.2335767176122974, 1.1250111237526859, 1.0223480815836967, 0.9332950366855165, 0.8385410851723956, 0.7617151666077658, 0.6893190697366166, 0.6259211111152865, 0.5791861473615253, 0.546721881232202, 0.51953845062317, 0.5097442842785487, 1.1764278392360346, 1.015839284071373, 0.9289852412113365, 0.8485448505199984, 0.7546152705981022, 0.679877066826415, 0.6029656027271306, 0.5225249849281366, 0.45814046782869006, 0.38260616351099475, 0.32605492277982184, 0.2740543273958519, 0.22582543981469208, 0.19174176472710386, 0.1630275546165854, 0.1413541342160776, 0.12883479788512192, 0.1188824439755617, 0.11533231746618305, 0.11050219470046443, 0.6215271230955556, 0.5467259124528532, 0.4739206743270952, 0.40717267980551086, 0.3410966648747992, 0.29277291367135827, 0.23477601293650124, 0.1995773251751963, 0.15898897748154864, 0.12738705402790526, 0.09790938506294299, 0.07866721302223083, 0.06648385466187284, 0.05502642206262043, 0.048885913214977636, 0.04265230116522538, 0.038764555511088705, 0.03854601282027619, 0.036194787775845234, 0.03598618661798955, 0.2804462169086394, 0.30973211665125966, 0.2662191403181766, 0.2203309522116456, 0.181397029383656, 0.14369192369040826, 0.10933524165583376, 0.085110794476756, 0.07334777850503527, 0.05425161909686092, 0.0428004931702727, 0.038566951973696605, 0.030708329210683515, 0.0271916986814496, 0.022595561945791195, 0.02144522543065549, 0.018822600297295513, 0.019093887123315428, 0.018003523188859092, 0.016972047764118335, 0.10267700165878285, 0.1824015348499541, 0.1748816410318399, 0.14102702150952762, 0.11252555726314149, 0.09153120212178029, 0.07226253455438444, 0.05023590917527236, 0.04100649675935803, 0.03485172971865574, 0.026440045456043802, 0.021510116081546057, 0.019112019597967732, 0.01510852518825768, 0.014261680918966414, 0.013010306329844967, 0.012237522763044436, 0.011584150559189115, 0.011483857299705844, 0.011243404345488296], "acc": [