{"val_loss": [1.628891771697998, 1.3110021244049073, 0.7815939684867859, 0.9051527792930603, 0.8032377934455872, 0.7138134387969971, 1.1839445845603942, 0.5788349019050598, 1.1966690937042237, 0.5835697275161743, 0.8827438289642334, 0.592572982597351, 0.6583788082122802, 0.5717444919586182, 0.41106143598556516, 0.43340982728004457, 0.47876892738342286, 0.42237022914886474, 0.37220642132759096, 0.38030248084068297, 0.7598711748600007, 0.6612761945724487, 0.8927604985713958, 0.8473797825813294, 1.0224147359848021, 0.5730600075721741, 0.5760696449279785, 0.5517387789726257, 0.48060689544677737, 0.4348556663990021, 0.4366393540382385, 0.44750663738250734, 0.3768600684165955, 0.3725553300857544, 0.3814298087120056, 0.4019260938644409, 0.38596272087097167, 0.3754223518371582, 0.37198377618789674, 0.37207427587509156, 0.7932247276306152, 0.752534409236908, 0.6686449795722962, 0.8073862565040588, 0.5365812491416931, 0.44355536909103394, 0.5290560148239136, 0.5574107895851135, 0.6718870734810829, 0.6231719457626342, 0.4545024082183838, 0.4028643847465515, 0.4353139081954956, 0.3842226236343384, 0.37258359317779544, 0.3780533589363098, 0.3755341594696045, 0.36718625831604, 0.37269863567352296, 0.3698827698707581, 0.7548116481781005, 0.8352395467758179, 0.5616899905204773, 0.6989847164154053, 0.6656627307891846, 0.5107698555946351, 0.5459589859008789, 0.5583115009307862, 0.4261185942649841, 0.4421051957130432, 0.41447195901870726, 0.40630929136276245, 0.4257215133666992, 0.3994788837432861, 0.40567573280334474, 0.38741783437728883, 0.39797884244918824, 0.3859978331565857, 0.3873491401672363, 0.3873191774368286, 1.2469319820404052, 1.0499607902526855, 0.5898511815547943, 0.7057824199676513, 0.6470609041690827, 0.5311388251304626, 0.4916252035140991, 0.4795870218753815, 0.5877889400482178, 0.4542755163192749, 0.4377264504432678, 0.4297290476799011, 0.43939749851226806, 0.4314591148376465, 0.438555514717102, 0.42553561048507693, 0.41391599340438845, 0.4187731439590454, 0.4137626141548157, 0.4155332653045654], "val_acc": [0.45179998874664307, 0.5871999859809875, 0.7242000102996826, 0.7129999995231628, 0.7425000071525574, 0.7763000130653381, 0.6661999821662903, 0.8108999729156494, 0.6794999837875366, 0.8205999732017517, 0.7727000117301941, 0.8226000070571899, 0.8125, 0.833299994468689, 0.8707000017166138, 0.8672000169754028, 0.8597999811172485, 0.8726999759674072, 0.888700008392334, 0.8859000205993652, 0.7901999950408936, 0.7998999953269958, 0.7261999845504761, 0.7732999920845032, 0.7537999749183655, 0.8210999965667725, 0.8510000109672546, 0.8482999801635742, 0.8679999709129333, 0.8766999840736389, 0.8756999969482422, 0.8809000253677368, 0.8942999839782715, 0.899399995803833, 0.9014999866485596, 0.8956000208854675, 0.8991000056266785, 0.9007999897003174, 0.9014999866485596, 0.9009000062942505, 0.8149999976158142, 0.817300021648407, 0.8373000025749207, 0.8230999708175659, 0.864799976348877, 0.8819000124931335, 0.8676999807357788, 0.8725000023841858, 0.8503000140190125, 0.8604000210762024, 0.8938000202178955, 0.9002000093460083, 0.8992999792098999, 0.9067999720573425, 0.9110000133514404, 0.9086999893188477, 0.9092000126838684, 0.9114999771118164, 0.9104999899864197, 0.9121000170707703, 0.8396000266075134, 0.8163999915122986, 0.8636999726295471, 0.8371000289916992, 0.8486999869346619, 0.882099986076355, 0.8780999779701233, 0.8784999847412109, 0.9028000235557556, 0.8981000185012817, 0.906000018119812, 0.9059000015258789, 0.9016000032424927, 0.9093000292778015, 0.9092000126838684, 0.9121000170707703, 0.9110000133514404, 0.9132000207901001, 0.9125999808311462, 0.9125000238418579, 0.7878000140190125, 0.809499979019165, 0.8590999841690063, 0.8560000061988831, 0.8629000186920166, 0.8881999850273132, 0.8892999887466431, 0.8902000188827515, 0.8769000172615051, 0.902999997138977, 0.9071000218391418, 0.907800018787384, 0.9083999991416931, 0.9107000231742859, 0.9090999960899353, 0.9107000231742859, 0.9128000140190125, 0.9120000004768372, 0.9136000275611877, 0.9126999974250793], "loss": [1.5758315623858283, 1.0236179020911942, 0.7930640641756459, 0.6522022408095927, 0.5602658638347598, 0.4951786285491566, 0.43416756167792725, 0.3820895259440385, 0.3412147976140162, 0.299830423445131, 0.2654412919927339, 0.2307827657122699, 0.19821056674832443, 0.17146912474815074, 0.14377053173777, 0.12742089854722455, 0.11266799543362456, 0.10546869950958808, 0.09551821270928308, 0.09145203275790688, 0.3432145598495393, 0.28079658062136015, 0.24663533111795402, 0.21962020193048984, 0.19236841758627674, 0.17196443780687784, 0.1494304307252121, 0.12658802195451258, 0.11099896254182283, 0.08849684661986318, 0.07351849758074304, 0.05894708623025025, 0.04668933266393164, 0.038398915172737115, 0.03302952342445284, 0.02720212361293991, 0.024954476034914717, 0.02210109629170813, 0.022421408450618782, 0.02112546661868094, 0.16692660960022518, 0.14017281293352712, 0.12161051871342884, 0.10651311372043155, 0.09146739829798942, 0.08031730494621207, 0.06765553987691675, 0.055755859343573834, 0.04387777585323299, 0.034927011286152033, 0.029158384904604828, 0.024481842363952996, 0.019460351780080834, 0.015045921050859095, 0.014102306361269848, 0.011332953207877238, 0.011031698522193522, 0.010399084066285522, 0.00952544120166667, 0.00883588221080704, 0.07834061517962516, 0.08990419630247813, 0.07343148230889054, 0.06265873903779741, 0.055183865287707794, 0.04635615526606802, 0.036258741944339895, 0.02923213750697099, 0.025440149816732874, 0.021298557746474846, 0.016571934137842692, 0.014824661202080378, 0.011150246376860714, 0.008223290812636081, 0.008239426909555312, 0.007446454724901674, 0.0069086484774695586, 0.005795650800853193, 0.006430706676537333, 0.005883536023586925, 0.039648611019647846, 0.05564170132188278, 0.05592612339913329, 0.04978878477472964, 0.039346347639384945, 0.03226858297723011, 0.027213086314403858, 0.021106179999205534, 0.016423228334092897, 0.014422297543392349, 0.010338464471979298, 0.009017694667907049, 0.006109844565523283, 0.00571339588909911, 0.00532664295788203, 0.004835981570520666, 0.004967480184747658, 0.004077229659931702, 0.0037411525597533506, 0.004088202030970131], "acc": [