{"val_loss": [1.487426435470581, 1.1981477184295655, 1.0023107361793517, 0.8414644149780274, 0.8909802989959716, 1.0292721654891968, 0.6805471586227417, 0.8792717668533325, 0.6148687507629395, 0.5217384268760681, 0.647682043838501, 0.5695671705245972, 0.5099296096801758, 0.4037416169643402, 0.4600838047981262, 0.4132832674503326, 0.37628547496795656, 0.3809411418914795, 0.38565533623695375, 0.37050032398700716, 1.5899094734191894, 0.6921337811470032, 0.9212748275756836, 0.9548335702896118, 0.5529301244258881, 0.726047835636139, 0.5408768052101135, 0.6785207181453705, 0.6399689940452575, 0.5110309502124787, 0.5284154838562012, 0.4727863615036011, 0.4570969692707062, 0.39483064069747925, 0.437234774684906, 0.40607961678504945, 0.4024527153491974, 0.3599261419057846, 0.38380046401023865, 0.37521718821525574, 0.8681819945335388, 0.49692145795822146, 0.5333583270907402, 0.5868600512504578, 0.871893571472168, 0.6970469330310821, 0.525518243598938, 0.4195168773651123, 0.4799244857788086, 0.4605113633155823, 0.5520704801082611, 0.5634273452281952, 0.42537107999324797, 0.3879361440420151, 0.4028831726074219, 0.38223134598731995, 0.4089569201946259, 0.400762726020813, 0.3922239502906799, 0.3897923268795013, 0.9081044513702392, 0.9163328796386718, 0.7964860424041748, 0.7394945363521576, 0.5015203246355057, 0.8296283288002014, 0.6571024383068085, 0.5797953239917755, 0.5551381592512131, 0.46447775182724, 0.44182307233810425, 0.4514089681625366, 0.4296203419685364, 0.44701393167972564, 0.4145884006261826, 0.42104078841209414, 0.41891368861198425, 0.41213157153129576, 0.40894053881168363, 0.4113811344385147, 1.1983698238372802, 1.0355839475631714, 0.5328381306171417, 0.6478073354244233, 0.6598363987922669, 0.6263114602088928, 0.4780670480728149, 0.684219711303711, 0.47037026024460793, 0.526425330543518, 0.4476185451984406, 0.4716526652693748, 0.4388008526802063, 0.44166245403289794, 0.4437713395357132, 0.42828511202335356, 0.4209367531299591, 0.4179641504764557, 0.42198410680294035, 0.4221356174945831], "val_acc": [0.46369999647140503, 0.6121000051498413, 0.6625000238418579, 0.7228999733924866, 0.7207000255584717, 0.7028999924659729, 0.7768999934196472, 0.7411999702453613, 0.8033000230789185, 0.8256999850273132, 0.7968999743461609, 0.8234000205993652, 0.8392000198364258, 0.8672999739646912, 0.8544999957084656, 0.8686000108718872, 0.8755000233650208, 0.8791000247001648, 0.8755000233650208, 0.8805999755859375, 0.621399998664856, 0.7875999808311462, 0.7544000148773193, 0.7468000054359436, 0.833899974822998, 0.7957000136375427, 0.8464999794960022, 0.8238999843597412, 0.8356999754905701, 0.8636000156402588, 0.8504999876022339, 0.8707000017166138, 0.8733000159263611, 0.8902999758720398, 0.8794999718666077, 0.8871999979019165, 0.8889999985694885, 0.8977000117301941, 0.8952000141143799, 0.8966000080108643, 0.7738999724388123, 0.85589998960495, 0.8597000241279602, 0.8499000072479248, 0.7975999712944031, 0.8345000147819519, 0.8755999803543091, 0.8842999935150146, 0.8718000054359436, 0.8871999979019165, 0.8632000088691711, 0.8748000264167786, 0.8960000276565552, 0.902400016784668, 0.901199996471405, 0.9057000279426575, 0.9010000228881836, 0.90420001745224, 0.9050999879837036, 0.9057000279426575, 0.8184000253677368, 0.8191999793052673, 0.8325999975204468, 0.8392999768257141, 0.8828999996185303, 0.8325999975204468, 0.8551999926567078, 0.873199999332428, 0.8744999766349792, 0.8970000147819519, 0.8988999724388123, 0.8974000215530396, 0.8996999859809875, 0.9006999731063843, 0.9064000248908997, 0.9046000242233276, 0.9049000144004822, 0.9050999879837036, 0.9071999788284302, 0.9067999720573425, 0.7979999780654907, 0.8090999722480774, 0.8808000087738037, 0.8633000254631042, 0.8614000082015991, 0.8677999973297119, 0.8930000066757202, 0.8632000088691711, 0.8973000049591064, 0.8877000212669373, 0.8991000056266785, 0.8996000289916992, 0.9036999940872192, 0.9064000248908997, 0.9063000082969666, 0.90829998254776, 0.9090999960899353, 0.9110000133514404, 0.9107000231742859, 0.9097999930381775], "loss": [1.5694709925227797, 1.0555483752578965, 0.8334484286785585, 0.6951376485029092, 0.6041993145419498, 0.5332515165329286, 0.4811720976777516, 0.42762586123521873, 0.38344313119671686, 0.3460559535187179, 0.31585107222175535, 0.278726242418124, 0.24733253612153455, 0.22161031178090296, 0.19902710325927508, 0.17777923531149073, 0.16018136158552085, 0.1507874163089366, 0.14119771761143862, 0.1420728519468075, 0.3724742136515598, 0.31566541266433695, 0.28369344720711953, 0.2557482994115234, 0.2350319578483543, 0.20919064316452793, 0.18365421526929987, 0.15734565715052434, 0.1390865638374518, 0.1230740226092213, 0.10610089894954233, 0.08558812079772492, 0.07475961026020604, 0.0608116054753864, 0.05554093677343793, 0.04744223356940137, 0.04328612689099749, 0.040914480029140714, 0.038409479400444806, 0.0365356747718348, 0.19163092024242268, 0.1632427072957608, 0.14379054173124423, 0.13243456253638633, 0.11189324280888291, 0.10245628609975792, 0.08783030911041904, 0.07580722763508148, 0.061307109823049474, 0.050988228873905174, 0.046169986535744535, 0.03508563783998864, 0.030812453923599797, 0.026376618849686704, 0.022411615910174838, 0.01903613618753413, 0.01801483665930898, 0.016917607446726508, 0.01523956543809029, 0.015577950600306404, 0.1016274352128116, 0.10052106586418323, 0.08496740732651549, 0.07855971188385746, 0.06641617913801853, 0.06004251080649114, 0.04785772925855297, 0.04387377374134731, 0.0332258697664906, 0.029506776343362455, 0.023903959061096283, 0.01949385119877567, 0.015864447438668126, 0.014476925989043446, 0.012112184184016873, 0.01156540835717855, 0.010273213868492836, 0.010420467693628765, 0.009674703185277744, 0.010131973482445504, 0.0550160167137036, 0.06635809862220712, 0.06365056971030086, 0.05294678703977321, 0.04960518354740216, 0.03901248335369818, 0.03330621178596257, 0.028931794517034128, 0.021597453878572787, 0.01861980377048383, 0.014366779159097813, 0.012600454347035875, 0.011060660204500257, 0.00873388984744199, 0.007908609330538812, 0.007271005032105413, 0.008006245721900047, 0.006213192238161961, 0.00682141841673361, 0.005612695227679789], "acc": [