{"val_loss": [2.016880813694, 0.8951790990829468, 0.845331964635849, 1.309663704586029, 0.7668243052005768, 0.6881994541168213, 0.9134196603536606, 0.7578390217542649, 0.6415111860513687, 0.6261787346839904, 0.7734951402664184, 0.5770917776465416, 0.8057708580255508, 0.5728930723667145, 0.6489830851078033, 0.5395585713863372, 0.5405611394166946, 0.49184639496803284, 0.5116590837836266, 0.5031514012098313, 0.7194219577074051, 0.49709144191741944, 0.9416878613471985, 0.5373170920848847, 0.5278885808825493, 0.6559180315494537, 0.479591805768013, 0.5012639884471893, 0.4639006892204285, 0.5190257881760597, 0.4569341805934906, 0.5637388667941093, 0.48922833149433137, 0.4713645051717758, 0.4251704004049301, 0.4802698219060898, 0.423954941868782, 0.43066806076765063, 0.4331734481215477, 0.42967138344049455, 0.6333655747532845, 0.5022161949396133, 0.5061345738053322, 0.5624983588933945, 0.5394732182502746, 0.44747870014905927, 0.4644396209359169, 0.4117465755224228, 0.42692708991765976, 0.5484955852627754, 0.3913071979522705, 0.39502826278209685, 0.45291425395011903, 0.38322918403148654, 0.4180511138677597, 0.3820466400980949, 0.3574040547013283, 0.3597173840403557, 0.3629625236392021, 0.36442685879468917, 0.45742640681266783, 0.4686343263745308, 0.5458025938987732, 0.4516123644948006, 0.4434901303529739, 0.4332935304760933, 0.38683044917583465, 0.37863607783317565, 0.36924847805500033, 0.3901152285337448, 0.4388243169903755, 0.41968437020778654, 0.36566436878442765, 0.36457288689613343, 0.39180502796173095, 0.3840760585546494, 0.3339442491889, 0.335664779484272, 0.3329758238315582, 0.33603404349088667, 0.6512717459917069, 0.4418717785835266, 0.3940378223538399, 0.3510927958011627, 0.44732264195680616, 0.4504681238651276, 0.3859099737882614, 0.575431509065628, 0.4175038852930069, 0.3548427943944931, 0.3476540960431099, 0.4103328579068184, 0.3998622477889061, 0.37006096930503846, 0.32559593621492383, 0.34340100001096724, 0.33830416811704633, 0.32459399834871294, 0.3219265285730362, 0.31939367455244067], "val_acc": [0.39559999108314514, 0.7318000197410583, 0.7572000026702881, 0.6473000049591064, 0.78329998254776, 0.8209999799728394, 0.7501000165939331, 0.7832000255584717, 0.8349999785423279, 0.8270000219345093, 0.8036999702453613, 0.8532999753952026, 0.772599995136261, 0.8410000205039978, 0.8299000263214111, 0.8641999959945679, 0.8611999750137329, 0.8791000247001648, 0.8741999864578247, 0.8747000098228455, 0.7979000210762024, 0.8759999871253967, 0.7505999803543091, 0.85589998960495, 0.8568999767303467, 0.8052999973297119, 0.8762999773025513, 0.8654000163078308, 0.8841000199317932, 0.8738999962806702, 0.8816999793052673, 0.8633999824523926, 0.8729000091552734, 0.8815000057220459, 0.899399995803833, 0.8761000037193298, 0.8932999968528748, 0.8921999931335449, 0.8895000219345093, 0.8913000226020813, 0.8377000093460083, 0.866100013256073, 0.8673999905586243, 0.8447999954223633, 0.8568000197410583, 0.8812999725341797, 0.8730999827384949, 0.8930000066757202, 0.8840000033378601, 0.8531000018119812, 0.9014999866485596, 0.8973000049591064, 0.8808000087738037, 0.9014000296592712, 0.8877000212669373, 0.8992999792098999, 0.9107000231742859, 0.9103000164031982, 0.909600019454956, 0.9072999954223633, 0.8769000172615051, 0.8769000172615051, 0.8341000080108643, 0.8770999908447266, 0.8812999725341797, 0.8756999969482422, 0.8988000154495239, 0.8988999724388123, 0.9039999842643738, 0.8970999717712402, 0.8741999864578247, 0.8910999894142151, 0.9056000113487244, 0.9065999984741211, 0.8885999917984009, 0.8953999876976013, 0.9157000184059143, 0.9139000177383423, 0.9146000146865845, 0.9117000102996826, 0.8154000043869019, 0.8755999803543091, 0.8973000049591064, 0.9043999910354614, 0.881600022315979, 0.8774999976158142, 0.8978999853134155, 0.8292999863624573, 0.8902000188827515, 0.9081000089645386, 0.9085000157356262, 0.8880000114440918, 0.8909000158309937, 0.8960999846458435, 0.9151999950408936, 0.9117000102996826, 0.9121000170707703, 0.9157000184059143, 0.9162999987602234, 0.9180999994277954], "loss": [1.2272586157575527, 0.8739542162944968, 0.7751753780507094, 0.7260940640739203, 0.6869250971604679, 0.6549281043243014, 0.6299739757120951, 0.6105287142816856, 0.5961347531766419, 0.5738279820641958, 0.5579951948116002, 0.5450327745246646, 0.5354750941890463, 0.5219219563267633, 0.515501950955846, 0.5054785124346043, 0.4953614568878967, 0.494113641803102, 0.48536511359570517, 0.4873187942362016, 0.5661089519659678, 0.5452931908019347, 0.5341540579004821, 0.5161506391790256, 0.5100179139927903, 0.4949721193482238, 0.48950624484238214, 0.4745653444709947, 0.46959917612615454, 0.4614645666796423, 0.4556632744849134, 0.44529593637394327, 0.4378662855447285, 0.4300302724530091, 0.42350393260263497, 0.41781850980690954, 0.41532851929031733, 0.4084153228034073, 0.40629493172013137, 0.4052531126820483, 0.4788294073125159, 0.46570148175003145, 0.4644936362900997, 0.4534381097099356, 0.4454746077291104, 0.4403420513475159, 0.43359198547222577, 0.4300110425850299, 0.4216209319262929, 0.4138908774678863, 0.4091993457510079, 0.3988388897650999, 0.39578786064384297, 0.39037022306415403, 0.3833132195592833, 0.37735794147534474, 0.37352946596527137, 0.3682827604727005, 0.3683274347863591, 0.3651964872793093, 0.43205210180120635, 0.4268515634887546, 0.4204316919777146, 0.4194900532375266, 0.4105395658815971, 0.4111424188508571, 0.4039885848780492, 0.3987497038295077, 0.3926735735478109, 0.3872390331492379, 0.3818668064834215, 0.37418281153614047, 0.36811734199420515, 0.36289757015063007, 0.3570664697430504, 0.3512283026293093, 0.35013282624986003, 0.3427968274627463, 0.3433147262094273, 0.34214810291040443, 0.4129323712356829, 0.4067611642888848, 0.4002598187828134, 0.3980620783312082, 0.3934486550489637, 0.3894648082195384, 0.38459937997141463, 0.38093591958829276, 0.3737109828684178, 0.3703581838965082, 0.36364167618893195, 0.36167055809909887, 0.3503343659842999, 0.3484217441501214, 0.34193836135252065, 0.3372255375388307, 0.3327815637815767, 0.32932630547232766, 0.327994475438385, 0.3240083587491018], "acc": [