{"val_loss": [0.470994708442688, 0.40961542479991914, 0.3023461542010307, 0.3180269099235535, 0.258073666870594, 0.33557359182834623, 0.2694001135468483, 0.23509927970170974, 0.2626739310979843, 0.22236586332321168, 0.2215411743760109, 0.22923011943101884, 0.2158937151312828, 0.2111804009079933, 0.2000624879837036, 0.19741995998620987, 0.2098052374780178, 0.20223871763944626, 0.19252447986006738, 0.19277863248586655, 0.5816962976455688, 0.345638103723526, 0.3348098978281021, 0.2619838015198708, 0.19886910125017165, 0.22647595106363297, 0.227715471637249, 0.2317283269047737, 0.19561303390860557, 0.2150786341011524, 0.20984179027676583, 0.18698685494065284, 0.19322034653425216, 0.19974509454965592, 0.19359165225625038, 0.1853365464270115, 0.18599086470603943, 0.18198127071261405, 0.18580266930460929, 0.18385116537213325, 0.22749385157823562, 0.2169873660504818, 0.2686991200208664, 0.2351486941754818, 0.23530788041949272, 0.22918626468777656, 0.23144667063355445, 0.23009212256669997, 0.2105762492418289, 0.21357927652597428, 0.20341680990457534, 0.22918023349046707, 0.21312592310905457, 0.2076146136343479, 0.19792953265309335, 0.1994357407271862, 0.19179957782030105, 0.19246989202201367, 0.19839028717875482, 0.1949022124707699, 0.23685350410938263, 0.2340872585773468, 0.22121505513191222, 0.24908520373106002, 0.22390991038680078, 0.2072907020807266, 0.25621400891542434, 0.22763913134336472, 0.22351572274565698, 0.21871131199002267, 0.22435979964137076, 0.24312674499750137, 0.23541372324824333, 0.21217832741737366, 0.22379939714074135, 0.21675307577252387, 0.22117570444345475, 0.21227308381795884, 0.21518949880301952, 0.21537280465364456, 0.2997771094918251, 0.25290623291134834, 0.24485511590838432, 0.26898878104686735, 0.22158296962976456, 0.24215794537067414, 0.22533022834062577, 0.2583544981777668, 0.2521895408034325, 0.23083454152345656, 0.2351170369684696, 0.24950219342708588, 0.24232973427772522, 0.24634378558397294, 0.25548374866247175, 0.24728418314754963, 0.24330539036989213, 0.24208535308241844, 0.24825275250077247, 0.2474385312497616], "val_acc": [0.8263999819755554, 0.8499000072479248, 0.8928999900817871, 0.8848000168800354, 0.9057999849319458, 0.883899986743927, 0.9014000296592712, 0.9164999723434448, 0.9078999757766724, 0.9215999841690063, 0.9246000051498413, 0.9164999723434448, 0.9235000014305115, 0.9276000261306763, 0.9289000034332275, 0.9308000206947327, 0.9253000020980835, 0.9269000291824341, 0.9308000206947327, 0.9308000206947327, 0.8306999802589417, 0.8805000185966492, 0.8813999891281128, 0.8996000289916992, 0.9286999702453613, 0.9200999736785889, 0.9221000075340271, 0.9200000166893005, 0.9330999851226807, 0.9294999837875366, 0.9312000274658203, 0.9348000288009644, 0.9333000183105469, 0.9312000274658203, 0.9373999834060669, 0.9373000264167786, 0.9384999871253967, 0.9401999711990356, 0.9381999969482422, 0.9398999810218811, 0.9230999946594238, 0.9307000041007996, 0.9136000275611877, 0.9258000254631042, 0.9225000143051147, 0.9276999831199646, 0.9287999868392944, 0.923799991607666, 0.9322999715805054, 0.9336000084877014, 0.9345999956130981, 0.9330999851226807, 0.9361000061035156, 0.9379000067710876, 0.9391000270843506, 0.9395999908447266, 0.9430000185966492, 0.9420999884605408, 0.9417999982833862, 0.9426000118255615, 0.9254000186920166, 0.9308000206947327, 0.9271000027656555, 0.9244999885559082, 0.9314000010490417, 0.9332000017166138, 0.9236999750137329, 0.9307000041007996, 0.935699999332428, 0.9373000264167786, 0.9406999945640564, 0.9363999962806702, 0.9376000165939331, 0.9409999847412109, 0.9402999877929688, 0.9416000247001648, 0.9415000081062317, 0.9434000253677368, 0.9427000284194946, 0.9427000284194946, 0.9092000126838684, 0.9269999861717224, 0.935699999332428, 0.9246000051498413, 0.9362000226974487, 0.9381999969482422, 0.9399999976158142, 0.9348000288009644, 0.9325000047683716, 0.940500020980835, 0.9383000135421753, 0.9394999742507935, 0.941100001335144, 0.942799985408783, 0.940500020980835, 0.9402999877929688, 0.9433000087738037, 0.9435999989509583, 0.9416999816894531, 0.9422000050544739], "loss": [0.616360742046398, 0.38115899509250434, 0.3246407065039932, 0.2914717200045722, 0.27110309706169305, 0.2530762755115211, 0.24084737669400852, 0.22843945290342932, 0.21508861556669112, 0.2033477058798879, 0.1976052977755813, 0.186391219148383, 0.179011043895662, 0.171021004511238, 0.16597990545954514, 0.1580008804089495, 0.15388592776889443, 0.14757839662567548, 0.14813358464180992, 0.14322863327005378, 0.21217874270564505, 0.1995743373008532, 0.19085973025611044, 0.18766676327211157, 0.1773509819368102, 0.16885442642339277, 0.16348779465452795, 0.15704887707384552, 0.15082582750765997, 0.14361065728856126, 0.13534502988427902, 0.12991872562417492, 0.1232658459733044, 0.11604976001902997, 0.11348665316745683, 0.10496261186356329, 0.10204924257422891, 0.10092738450355798, 0.09795852013195051, 0.09465031982271382, 0.15553972669572474, 0.15318686073654414, 0.1439333901290998, 0.1405134103224856, 0.1354627889868255, 0.129621329408556, 0.12319487040731493, 0.11722476443814747, 0.11495077788467525, 0.10382862911205575, 0.10020297523234621, 0.09083126329787268, 0.08841161026176231, 0.08261799114534092, 0.07782960154420705, 0.07245916405850944, 0.07024409263358694, 0.06954303692559523, 0.06703366338161663, 0.06327766473169931, 0.12381642253538472, 0.11805885760678411, 0.11727131260775434, 0.11029019174913719, 0.10714603041383534, 0.10327094091008428, 0.09538892978958995, 0.09024877719774313, 0.08648460476221072, 0.07993461857886994, 0.07438914760355358, 0.06913385066345426, 0.06421391438043893, 0.06006631186040484, 0.05431919816589648, 0.05208563424458749, 0.04811407386736097, 0.046195920372036944, 0.045686074719703366, 0.045144535438288245, 0.09862478750735729, 0.09741001422134864, 0.09229541874948254, 0.08922798859665626, 0.08624748706607625, 0.08175922302624264, 0.07549350381628049, 0.07047049336547428, 0.06610401496171728, 0.06045403817271445, 0.05481646368401973, 0.05273120737678889, 0.04637612265813623, 0.043291998297974345, 0.0383678111125863, 0.03729211644746763, 0.03452018768465156, 0.03255421869643257, 0.030075426751945786, 0.03042472788136957], "acc": [