{"val_loss": [0.5906418571472168, 0.4136728214263916, 0.3418822984933853, 0.27544700528383254, 0.3248860873937607, 0.2978954845428467, 0.23206636201143266, 0.2349801468491554, 0.2227031621694565, 0.2402399606347084, 0.23114144471883774, 0.3276885447025299, 0.20921320127248763, 0.19601847540140152, 0.21034749023914337, 0.19323400275707245, 0.19892452171444894, 0.18712173079252242, 0.1943389082312584, 0.18838979637622832, 0.26629366104602814, 0.25802300083637236, 0.22610005568265915, 0.23270580114126205, 0.21726266031861305, 0.21838421219587326, 0.22767519767284394, 0.20862015969753264, 0.2113878552854061, 0.19362459158301354, 0.19244450048208236, 0.1965122294306755, 0.20141962295770646, 0.1982914002895355, 0.20155937262177467, 0.19211732805371284, 0.1919908208668232, 0.18918075176477434, 0.18956770359277725, 0.19069041212201118, 0.24364975190758706, 0.2276004900932312, 0.2173673547744751, 0.22477847371697426, 0.21710632662177085, 0.22693335006833076, 0.2050717391192913, 0.20627602640986442, 0.19683250523209572, 0.2042488653063774, 0.22542952181100845, 0.21843624022603034, 0.20947022550106048, 0.214534233045578, 0.21108861598670484, 0.20845530348420144, 0.2064422195315361, 0.210522539883852, 0.20863755220770835, 0.2081424753308296, 0.2434722476005554, 0.3295433234989643, 0.2486193099141121, 0.22929569283127785, 0.24777738161087037, 0.296961083137989, 0.2432655759871006, 0.31542600564956663, 0.2645669617831707, 0.2365125227510929, 0.23150463646650316, 0.233703906583786, 0.2425330722987652, 0.22187788751125337, 0.24998110622167588, 0.2457462883412838, 0.23710864033102988, 0.23659411344528197, 0.23753749348521233, 0.2371760940313339, 0.3475542548775673, 0.255164264446497, 0.24930179021954538, 0.24146403787732124, 0.24913597728610037, 0.26783734402656556, 0.261848212569952, 0.24397258185744286, 0.25538889130353926, 0.23547108270525932, 0.24359317498654126, 0.2723761749505997, 0.27456817160844804, 0.2637336913406849, 0.2629047416359186, 0.2617516210705042, 0.27440818211436274, 0.27003607889413833, 0.27038372785151005, 0.2703279385536909], "val_acc": [0.7807000279426575, 0.8533999919891357, 0.8683000206947327, 0.9009000062942505, 0.8763999938964844, 0.8938999772071838, 0.9230999946594238, 0.9182999730110168, 0.9225999712944031, 0.9192000031471252, 0.9187999963760376, 0.8798999786376953, 0.9287999868392944, 0.9294000267982483, 0.925000011920929, 0.9319000244140625, 0.9294999837875366, 0.9341999888420105, 0.9300000071525574, 0.9336000084877014, 0.9039999842643738, 0.9136999845504761, 0.9203000068664551, 0.9168999791145325, 0.9275000095367432, 0.9308000206947327, 0.9211999773979187, 0.929099977016449, 0.9265999794006348, 0.9333000183105469, 0.9366999864578247, 0.9333000183105469, 0.9323999881744385, 0.934499979019165, 0.9366999864578247, 0.9366999864578247, 0.9376999735832214, 0.9387999773025513, 0.9398000240325928, 0.9387999773025513, 0.9207000136375427, 0.9248999953269958, 0.9309999942779541, 0.9297999739646912, 0.9248999953269958, 0.9286999702453613, 0.9341999888420105, 0.9327999949455261, 0.9355999827384949, 0.9398000240325928, 0.932699978351593, 0.9358000159263611, 0.9373999834060669, 0.9377999901771545, 0.9419000148773193, 0.9424999952316284, 0.9422000050544739, 0.9427000284194946, 0.9431999921798706, 0.9427000284194946, 0.921500027179718, 0.9139000177383423, 0.928600013256073, 0.9337999820709229, 0.9337000250816345, 0.9146000146865845, 0.932200014591217, 0.9199000000953674, 0.9305999875068665, 0.9358000159263611, 0.9391999840736389, 0.941100001335144, 0.9397000074386597, 0.9437999725341797, 0.9394000172615051, 0.9409000277519226, 0.9429000020027161, 0.9442999958992004, 0.9437000155448914, 0.9438999891281128, 0.9139999747276306, 0.934499979019165, 0.9323999881744385, 0.9373000264167786, 0.9372000098228455, 0.9352999925613403, 0.9391999840736389, 0.9399999976158142, 0.9398000240325928, 0.9416999816894531, 0.9455000162124634, 0.942799985408783, 0.9423999786376953, 0.9417999982833862, 0.9416999816894531, 0.9452000260353088, 0.9423999786376953, 0.9429000020027161, 0.9430000185966492, 0.9433000087738037], "loss": [0.6122772603422889, 0.37568908837862014, 0.3114601940657091, 0.28196585240081895, 0.25907744842673763, 0.24225611436734887, 0.226792027737379, 0.2165408049663566, 0.20580542219527545, 0.19612626570361266, 0.18681026191204078, 0.17637472040105273, 0.16873879812866727, 0.16154696666196175, 0.1535109572321455, 0.147761313961179, 0.1414303626181399, 0.13639634910044332, 0.13447947528053025, 0.1323060998556259, 0.20170354297334359, 0.19215178818919906, 0.1853198770562054, 0.17658367568705127, 0.17189594050434148, 0.1634647131097632, 0.15554211011607794, 0.14752874433329455, 0.14068550555094692, 0.13252997779066697, 0.12604446476064135, 0.11821087731251002, 0.11316903619005611, 0.10259758080563586, 0.09693411425613972, 0.09372874171202622, 0.08840029117744093, 0.08432141353204277, 0.08413663348907094, 0.08019722450141595, 0.1487456420434012, 0.14500578155881927, 0.13931346151031276, 0.1313785091803899, 0.12615618659041558, 0.11973321557417213, 0.1133904678823196, 0.10778761636729534, 0.10116362098316808, 0.09357572736862664, 0.08675865794287282, 0.08170322567521092, 0.07297171761846355, 0.06788847837552345, 0.0625244240507169, 0.058403567869703625, 0.054453306473055706, 0.05146547200754404, 0.049414423838404095, 0.04803580412120642, 0.11801260636112698, 0.11272606366736236, 0.10750397947407123, 0.09896719806974158, 0.09412861172562448, 0.09250184985869025, 0.08826497551765379, 0.078489971652203, 0.07336474445827888, 0.06633734380572062, 0.06099614267795581, 0.055625297661871714, 0.050348245150367586, 0.04360469192144046, 0.04008882497402464, 0.03639453844693043, 0.034184604366089735, 0.033447952520870114, 0.03049254809113604, 0.030481023958284777, 0.0903995458843824, 0.08767419756717847, 0.08444261681009806, 0.07847388592259294, 0.0767416755999497, 0.06914877535831536, 0.06392738872513498, 0.06007654272838969, 0.05378742482226552, 0.04777534859070334, 0.04276432840038124, 0.0383256283892762, 0.032020198300579374, 0.030122246199818414, 0.02693193076555342, 0.023566383760593654, 0.023338093888014555, 0.0205829013333813, 0.01952255493718678, 0.01968807546491517], "acc": [